{
  "ground_truth": [
    "WCAND07",
    "WCROSSL01"
  ],
  "all_candidates": [
    "WCAND01",
    "WCAND02",
    "WCAND03",
    "WCAND04",
    "WCAND05",
    "WCAND06",
    "WCAND07",
    "WCAND08",
    "WCAND09",
    "WCAND10",
    "WCAND11",
    "WCROSSL01"
  ],
  "gates": {
    "always_accept": {
      "precision": 0.16666666666666666,
      "recall": 1.0,
      "f1": 0.2857142857142857,
      "tp": 2,
      "fp": 10,
      "fn": 0,
      "n_pred": 12,
      "n_gt": 2
    },
    "always_reject": {
      "precision": 0.0,
      "recall": 0.0,
      "f1": 0.0,
      "tp": 0,
      "fp": 0,
      "fn": 2,
      "n_pred": 0,
      "n_gt": 2
    },
    "random_25%": {
      "precision": 0.16826666666666665,
      "recall": 0.2524,
      "f1": 0.20192000000000002,
      "n_pred": 3,
      "n_gt": 2,
      "p95_f1": 0.4
    },
    "random_33%": {
      "precision": 0.168325,
      "recall": 0.33665,
      "f1": 0.2244333333333333,
      "n_pred": 4,
      "n_gt": 2,
      "p95_f1": 0.6666666666666666
    },
    "random_50%": {
      "precision": 0.16975,
      "recall": 0.50925,
      "f1": 0.254625,
      "n_pred": 6,
      "n_gt": 2,
      "p95_f1": 0.5
    },
    "random_67%": {
      "precision": 0.167075,
      "recall": 0.6683,
      "f1": 0.26732,
      "n_pred": 8,
      "n_gt": 2,
      "p95_f1": 0.4
    },
    "researcher_exp17": {
      "precision": 0.25,
      "recall": 0.5,
      "f1": 0.3333333333333333,
      "tp": 1,
      "fp": 3,
      "fn": 1,
      "n_pred": 4,
      "n_gt": 2
    },
    "agent_v2_exp24": {
      "precision": 0.25,
      "recall": 1.0,
      "f1": 0.4,
      "tp": 2,
      "fp": 6,
      "fn": 0,
      "n_pred": 8,
      "n_gt": 2
    }
  }
}