{
  "timestamp": "2026-04-24T03:45:55Z",
  "kappa_table": {
    "S_reframe": {
      "claude_haiku_vs_gemini": 0.4845360824742271,
      "claude_haiku_vs_gpt_mini": 0.34497816593886516,
      "gemini_vs_gpt_mini": 0.22279792746113983
    },
    "S_delta": {
      "claude_haiku_vs_gemini": 1.0,
      "claude_haiku_vs_gpt_mini": 1.0,
      "gemini_vs_gpt_mini": 1.0
    },
    "S_wisdom": {
      "claude_haiku_vs_gemini": 1.0,
      "claude_haiku_vs_gpt_mini": 0.5652173913043477,
      "gemini_vs_gpt_mini": 0.5652173913043477
    },
    "S_anti": {
      "claude_haiku_vs_gemini": -0.02040816326530381,
      "claude_haiku_vs_gpt_mini": 0.4845360824742271,
      "gemini_vs_gpt_mini": -0.03092783505154437
    }
  },
  "majority_subset_sizes": {
    "S_reframe": 48,
    "S_delta": 49,
    "S_wisdom": 45,
    "S_anti": 49
  }
}