{
  "per_candidate": {
    "W076": {
      "gemini__claude_haiku": {
        "kappa": 0.31249999999999994,
        "n": 30
      },
      "gemini__gpt_mini": {
        "kappa": -0.1580952380952381,
        "n": 32
      },
      "gemini__claude_opus": {
        "kappa": 0.19569120287253142,
        "n": 32
      },
      "gemini__gpt5": {
        "kappa": 0.0,
        "n": 32
      },
      "claude_haiku__gpt_mini": {
        "kappa": 0.16632653061224492,
        "n": 43
      },
      "claude_haiku__claude_opus": {
        "kappa": 0.457807953443259,
        "n": 43
      },
      "claude_haiku__gpt5": {
        "kappa": 0.2697302697302698,
        "n": 43
      },
      "gpt_mini__claude_opus": {
        "kappa": 0.27325581395348836,
        "n": 50
      },
      "gpt_mini__gpt5": {
        "kappa": 0.3731563421828909,
        "n": 50
      },
      "claude_opus__gpt5": {
        "kappa": 0.3194842406876791,
        "n": 50
      }
    },
    "W077": {
      "gemini__claude_haiku": {
        "kappa": 0.6526054590570719,
        "n": 28
      },
      "gemini__gpt_mini": {
        "kappa": 0.25714285714285723,
        "n": 34
      },
      "gemini__claude_opus": {
        "kappa": 0.2620155038759691,
        "n": 34
      },
      "gemini__gpt5": {
        "kappa": 0.2043681747269891,
        "n": 34
      },
      "claude_haiku__gpt_mini": {
        "kappa": 0.19999999999999996,
        "n": 40
      },
      "claude_haiku__claude_opus": {
        "kappa": 0.11627906976744186,
        "n": 40
      },
      "claude_haiku__gpt5": {
        "kappa": 0.44186046511627897,
        "n": 40
      },
      "gpt_mini__claude_opus": {
        "kappa": 0.35993975903614467,
        "n": 50
      },
      "gpt_mini__gpt5": {
        "kappa": 0.051593323216995356,
        "n": 50
      },
      "claude_opus__gpt5": {
        "kappa": 0.2483894058697208,
        "n": 50
      }
    },
    "W078": {
      "gemini__claude_haiku": {
        "kappa": 0.41216216216216234,
        "n": 29
      },
      "gemini__gpt_mini": {
        "kappa": -0.10582010582010594,
        "n": 33
      },
      "gemini__claude_opus": {
        "kappa": 0.3113964686998395,
        "n": 33
      },
      "gemini__gpt5": {
        "kappa": 0.3125,
        "n": 33
      },
      "claude_haiku__gpt_mini": {
        "kappa": -0.11239860950173798,
        "n": 40
      },
      "claude_haiku__claude_opus": {
        "kappa": 0.17748917748917747,
        "n": 40
      },
      "claude_haiku__gpt5": {
        "kappa": 0.17901938426453823,
        "n": 40
      },
      "gpt_mini__claude_opus": {
        "kappa": -0.02739726027397265,
        "n": 50
      },
      "gpt_mini__gpt5": {
        "kappa": 0.4728304947283049,
        "n": 50
      },
      "claude_opus__gpt5": {
        "kappa": 0.22106824925816013,
        "n": 50
      }
    },
    "WCAND01": {}
  },
  "partition_means": {
    "within_cheap": {
      "mean_kappa": 0.1804914506174727,
      "n_pairs": 9,
      "values": [
        0.31249999999999994,
        -0.1580952380952381,
        0.16632653061224492,
        0.6526054590570719,
        0.25714285714285723,
        0.19999999999999996,
        0.41216216216216234,
        -0.10582010582010594,
        -0.11239860950173798
      ]
    },
    "within_exp": {
      "mean_kappa": 0.26298063193852,
      "n_pairs": 3,
      "values": [
        0.3194842406876791,
        0.2483894058697208,
        0.22106824925816013
      ]
    },
    "cross_tier": {
      "mean_kappa": 0.24619645237945256,
      "n_pairs": 18,
      "values": [
        0.19569120287253142,
        0.0,
        0.457807953443259,
        0.2697302697302698,
        0.27325581395348836,
        0.3731563421828909,
        0.2620155038759691,
        0.2043681747269891,
        0.11627906976744186,
        0.44186046511627897,
        0.35993975903614467,
        0.051593323216995356,
        0.3113964686998395,
        0.3125,
        0.17748917748917747,
        0.17901938426453823,
        -0.02739726027397265,
        0.4728304947283049
      ]
    }
  }
}