{
  "timestamp": "2026-04-25T10:42:26Z",
  "fitted_beta": {
    "alpha": 34096744.61316605,
    "beta": 27318175.08043891,
    "prior_mean": 0.5551866677229652
  },
  "per_candidate": {
    "WCAND01": {
      "k": 29,
      "n": 50,
      "wr_observed": 0.58,
      "wr_posterior_mean": 0.5551866879243367,
      "shrinkage": 0.024813312075663285
    },
    "WCAND02": {
      "k": 23,
      "n": 50,
      "wr_observed": 0.46,
      "wr_posterior_mean": 0.5551865902282858,
      "shrinkage": -0.09518659022828574
    },
    "WCAND03": {
      "k": 28,
      "n": 50,
      "wr_observed": 0.56,
      "wr_posterior_mean": 0.5551866716416615,
      "shrinkage": 0.004813328358338587
    },
    "WCAND04": {
      "k": 24,
      "n": 50,
      "wr_observed": 0.48,
      "wr_posterior_mean": 0.555186606510961,
      "shrinkage": -0.07518660651096098
    },
    "WCAND05": {
      "k": 32,
      "n": 50,
      "wr_observed": 0.64,
      "wr_posterior_mean": 0.5551867367723621,
      "shrinkage": 0.08481326322763794
    },
    "WCAND06": {
      "k": 29,
      "n": 50,
      "wr_observed": 0.58,
      "wr_posterior_mean": 0.5551866879243367,
      "shrinkage": 0.024813312075663285
    },
    "WCAND07": {
      "k": 28,
      "n": 50,
      "wr_observed": 0.56,
      "wr_posterior_mean": 0.5551866716416615,
      "shrinkage": 0.004813328358338587
    },
    "WCAND08": {
      "k": 25,
      "n": 49,
      "wr_observed": 0.5102040816326531,
      "wr_posterior_mean": 0.5551866318335597,
      "shrinkage": -0.04498255020090658
    },
    "WCAND09": {
      "k": 27,
      "n": 49,
      "wr_observed": 0.5510204081632653,
      "wr_posterior_mean": 0.5551866643989104,
      "shrinkage": -0.004166256235645149
    },
    "WCAND10": {
      "k": 30,
      "n": 50,
      "wr_observed": 0.6,
      "wr_posterior_mean": 0.5551867042070118,
      "shrinkage": 0.044813295792988206
    },
    "WCAND11": {
      "k": 27,
      "n": 50,
      "wr_observed": 0.54,
      "wr_posterior_mean": 0.5551866553589864,
      "shrinkage": -0.015186655358986334
    },
    "WCROSSL01": {
      "k": 30,
      "n": 50,
      "wr_observed": 0.6,
      "wr_posterior_mean": 0.5551867042070118,
      "shrinkage": 0.044813295792988206
    }
  },
  "monte_carlo": {
    "n_sim": 10000,
    "expected_obs_top": [
      0.668452,
      0.632972,
      0.6104339999999999
    ],
    "expected_true_top": [
      0.5551873326951351,
      0.5551869980321613,
      0.5551862476725721
    ],
    "expected_remeasure_top": [
      0.553426,
      0.5558780000000001,
      0.5543680000000001
    ],
    "expected_drop_top": [
      0.115026,
      0.07709400000000001,
      0.056065999999999984
    ],
    "expected_drop_p975_top": [
      0.27999999999999997,
      0.22000000000000003,
      0.2
    ]
  },
  "observed_drops": {
    "W076": 0.24,
    "W077": 0.125,
    "W078": 0.08899999999999997
  }
}