{
  "timestamp": "2026-04-25T14:39:01Z",
  "model": "hierarchical logistic with candidate, judge, pid random effects + per-(candidate, fresh) fixed shift",
  "sampler": "Metropolis-within-Gibbs, 1500 burn + 4000 draws",
  "n_cells": 788,
  "K": 3,
  "J": 7,
  "P": 80,
  "summary_per_keep": {
    "W076": {
      "theta_inner_mean": 0.41119772797969134,
      "theta_inner_ci95": [
        0.24999147685629136,
        0.582592604565459
      ],
      "P(inner > 0.60)": 0.015,
      "theta_L1_mean": 0.41129448549598163,
      "theta_L1_ci95": [
        0.23329787016648285,
        0.5993150613905108
      ],
      "P(L1 > 0.55)": 0.0735,
      "P(L1 > 0.60)": 0.024,
      "Joint(0.60, 0.55)": 0.01425,
      "Joint(0.60, 0.60)": 0.0115
    },
    "W077": {
      "theta_inner_mean": 0.5925458269774788,
      "theta_inner_ci95": [
        0.45604863841548954,
        0.726621467702116
      ],
      "P(inner > 0.60)": 0.4605,
      "theta_L1_mean": 0.5922408296826001,
      "theta_L1_ci95": [
        0.45075422448906416,
        0.7248450627134764
      ],
      "P(L1 > 0.55)": 0.73075,
      "P(L1 > 0.60)": 0.47725,
      "Joint(0.60, 0.55)": 0.44775,
      "Joint(0.60, 0.60)": 0.3845
    },
    "W078": {
      "theta_inner_mean": 0.6502298776844707,
      "theta_inner_ci95": [
        0.5099633716641494,
        0.7770922584459933
      ],
      "P(inner > 0.60)": 0.76975,
      "theta_L1_mean": 0.6500740138403429,
      "theta_L1_ci95": [
        0.5149904542999697,
        0.7735129725211265
      ],
      "P(L1 > 0.55)": 0.92775,
      "P(L1 > 0.60)": 0.76825,
      "Joint(0.60, 0.55)": 0.763,
      "Joint(0.60, 0.60)": 0.71425
    }
  },
  "variance_components_mean": {
    "sigma_alpha": 0.1977977479525336,
    "sigma_beta": 0.14524146832311916,
    "sigma_gamma": 0.8022208729240012
  }
}