{
  "timestamp": "2026-04-25T20:52:25Z",
  "n_problems": 60,
  "solvers_tested": [
    "gemini",
    "claude_haiku",
    "gpt_mini"
  ],
  "results_per_solver": {
    "gemini": {
      "baseline": {
        "A_acc": 0.7333333333333333,
        "B_acc": 0.9333333333333333,
        "C_acc": 1.0,
        "D_acc": 0.6666666666666666
      },
      "decompose": {
        "A_acc": 0.7333333333333333,
        "B_acc": 0.9333333333333333,
        "C_acc": 1.0,
        "D_acc": 0.6
      },
      "restate": {
        "A_acc": 0.6666666666666666,
        "B_acc": 0.8,
        "C_acc": 0.9333333333333333,
        "D_acc": 0.6
      },
      "estimate": {
        "A_acc": 0.7333333333333333,
        "B_acc": 0.9333333333333333,
        "C_acc": 1.0,
        "D_acc": 0.6666666666666666
      },
      "constraints": {
        "A_acc": 0.7333333333333333,
        "B_acc": 0.9333333333333333,
        "C_acc": 1.0,
        "D_acc": 0.6666666666666666
      },
      "scheduler": {
        "A_acc": 0.7333333333333333,
        "B_acc": 0.9333333333333333,
        "C_acc": 1.0,
        "D_acc": 0.7333333333333333
      },
      "oracle": {
        "A_acc": 0.7333333333333333,
        "B_acc": 0.8666666666666667,
        "C_acc": 1.0,
        "D_acc": 0.7333333333333333
      }
    },
    "claude_haiku": {
      "baseline": {
        "A_acc": 0.7333333333333333,
        "B_acc": 1.0,
        "C_acc": 1.0,
        "D_acc": 0.6,
        "overall": 0.8333333333333334,
        "n_correct": 50
      },
      "decompose": {
        "A_acc": 0.8,
        "B_acc": 0.9333333333333333,
        "C_acc": 1.0,
        "D_acc": 0.6,
        "overall": 0.8333333333333334,
        "n_correct": 50
      },
      "restate": {
        "A_acc": 0.6666666666666666,
        "B_acc": 1.0,
        "C_acc": 0.9333333333333333,
        "D_acc": 0.6666666666666666,
        "overall": 0.8166666666666667,
        "n_correct": 49
      },
      "estimate": {
        "A_acc": 0.7333333333333333,
        "B_acc": 0.9333333333333333,
        "C_acc": 1.0,
        "D_acc": 0.6,
        "overall": 0.8166666666666667,
        "n_correct": 49
      },
      "constraints": {
        "A_acc": 0.8,
        "B_acc": 0.8666666666666667,
        "C_acc": 0.8,
        "D_acc": 0.6666666666666666,
        "overall": 0.7833333333333333,
        "n_correct": 47
      },
      "scheduler": {
        "A_acc": 0.8,
        "B_acc": 0.8666666666666667,
        "C_acc": 1.0,
        "D_acc": 0.6666666666666666,
        "overall": 0.8333333333333334,
        "n_correct": 50
      },
      "oracle": {
        "A_acc": 0.7333333333333333,
        "B_acc": 0.8666666666666667,
        "C_acc": 1.0,
        "D_acc": 0.6,
        "overall": 0.8,
        "n_correct": 48
      }
    },
    "gpt_mini": {
      "baseline": {
        "A_acc": 0.6,
        "B_acc": 0.8666666666666667,
        "C_acc": 1.0,
        "D_acc": 0.6,
        "overall": 0.7666666666666667,
        "n_correct": 46
      },
      "decompose": {
        "A_acc": 0.7333333333333333,
        "B_acc": 0.26666666666666666,
        "C_acc": 0.8,
        "D_acc": 0.6,
        "overall": 0.6,
        "n_correct": 36
      },
      "restate": {
        "A_acc": 0.7333333333333333,
        "B_acc": 0.4666666666666667,
        "C_acc": 1.0,
        "D_acc": 0.5333333333333333,
        "overall": 0.6833333333333333,
        "n_correct": 41
      },
      "estimate": {
        "A_acc": 0.7333333333333333,
        "B_acc": 0.8666666666666667,
        "C_acc": 1.0,
        "D_acc": 0.6666666666666666,
        "overall": 0.8166666666666667,
        "n_correct": 49
      },
      "constraints": {
        "A_acc": 0.7333333333333333,
        "B_acc": 0.9333333333333333,
        "C_acc": 0.6666666666666666,
        "D_acc": 0.3333333333333333,
        "overall": 0.6666666666666666,
        "n_correct": 40
      },
      "scheduler": {
        "A_acc": 0.7333333333333333,
        "B_acc": 0.8666666666666667,
        "C_acc": 1.0,
        "D_acc": 0.6,
        "overall": 0.8,
        "n_correct": 48
      },
      "oracle": {
        "A_acc": 0.7333333333333333,
        "B_acc": 0.9333333333333333,
        "C_acc": 1.0,
        "D_acc": 0.6,
        "overall": 0.8166666666666667,
        "n_correct": 49
      }
    }
  },
  "gemini_overall_acc_per_condition": {
    "baseline": 0.8333333333333334,
    "decompose": 0.8166666666666667,
    "restate": 0.75,
    "estimate": 0.8333333333333334,
    "constraints": 0.8333333333333334,
    "scheduler": 0.85,
    "oracle": 0.8333333333333334
  }
}