{
  "domains": [
    "business",
    "daily_life",
    "engineering",
    "mathematics",
    "science",
    "software_engineering"
  ],
  "cells": {
    "W076__business": {
      "wr": 0.4461538461538462,
      "lo": 0.33169527476665506,
      "hi": 0.5666218132219603,
      "n": 65
    },
    "W076__daily_life": {
      "wr": 0.3684210526315789,
      "lo": 0.1914951274513508,
      "hi": 0.5896046683519693,
      "n": 19
    },
    "W076__engineering": {
      "wr": 0.5666666666666667,
      "lo": 0.3919730700081361,
      "hi": 0.7262251442353347,
      "n": 30
    },
    "W076__mathematics": {
      "wr": 0.25,
      "lo": 0.11186170140766571,
      "hi": 0.468700877618744,
      "n": 20
    },
    "W076__science": {
      "wr": 0.5714285714285714,
      "lo": 0.4085741114397492,
      "hi": 0.7201543182281931,
      "n": 35
    },
    "W076__software_engineering": {
      "wr": 0.4782608695652174,
      "lo": 0.34124689434045685,
      "hi": 0.6186258692719597,
      "n": 46
    },
    "W077__business": {
      "wr": 0.59375,
      "lo": 0.4714520812860451,
      "hi": 0.7054309075028039,
      "n": 64
    },
    "W077__daily_life": {
      "wr": 0.43478260869565216,
      "lo": 0.25634635325674204,
      "hi": 0.6318862491498354,
      "n": 23
    },
    "W077__engineering": {
      "wr": 0.4444444444444444,
      "lo": 0.27585858177023004,
      "hi": 0.6268697548677552,
      "n": 27
    },
    "W077__mathematics": {
      "wr": 0.5238095238095238,
      "lo": 0.32369534582844434,
      "hi": 0.7165599389846582,
      "n": 21
    },
    "W077__science": {
      "wr": 0.3888888888888889,
      "lo": 0.24784873065371,
      "hi": 0.5513554090339485,
      "n": 36
    },
    "W077__software_engineering": {
      "wr": 0.43478260869565216,
      "lo": 0.3020926277801995,
      "hi": 0.5775256630570501,
      "n": 46
    },
    "W078__business": {
      "wr": 0.43548387096774194,
      "lo": 0.31942588902489055,
      "hi": 0.5590701202785123,
      "n": 62
    },
    "W078__daily_life": {
      "wr": 0.25,
      "lo": 0.11186170140766571,
      "hi": 0.468700877618744,
      "n": 20
    },
    "W078__engineering": {
      "wr": 0.6071428571428571,
      "lo": 0.42409044296597187,
      "hi": 0.7643431345842041,
      "n": 28
    },
    "W078__mathematics": {
      "wr": 0.4583333333333333,
      "lo": 0.2789133373121099,
      "hi": 0.6492513464108052,
      "n": 24
    },
    "W078__science": {
      "wr": 0.5428571428571428,
      "lo": 0.3818972506848375,
      "hi": 0.6953398071159278,
      "n": 35
    },
    "W078__software_engineering": {
      "wr": 0.41304347826086957,
      "lo": 0.28288603224812775,
      "hi": 0.5566050222015384,
      "n": 46
    }
  }
}