{
  "baselines": {
    "random": 0.28,
    "most_frequent": 0.44
  },
  "results": [
    {
      "algo": "dqn",
      "episodes": 10000,
      "test_accuracy": 0.32,
      "avg_reward_final": 0.745051491097759,
      "elapsed_seconds": 48.88124060630798,
      "params": 253602
    },
    {
      "algo": "sac",
      "episodes": 10000,
      "test_accuracy": 0.32,
      "avg_reward_final": 0.30878630864866363,
      "elapsed_seconds": 135.41586422920227,
      "params": 760677
    }
  ],
  "config": {
    "episodes": 10000,
    "seed": 42
  }
}