{
  "baselines": {
    "random": 0.28,
    "most_frequent": 0.44
  },
  "results": [
    {
      "algo": "dqn",
      "episodes": 50000,
      "test_accuracy": 0.24,
      "avg_reward_final": 0.7828141172241617,
      "elapsed_seconds": 306.24035024642944,
      "params": 253602
    },
    {
      "algo": "sac",
      "episodes": 50000,
      "test_accuracy": 0.0,
      "avg_reward_final": 0.29928043997356707,
      "elapsed_seconds": 658.1248896121979,
      "params": 760677
    },
    {
      "algo": "resac",
      "episodes": 50000,
      "test_accuracy": 0.2,
      "avg_reward_final": 0.2971740781762097,
      "elapsed_seconds": 1604.458622455597,
      "params": 1743558
    }
  ],
  "config": {
    "episodes": 50000,
    "seed": 42
  }
}