{
  "baselines": {
    "random": 0.06015037593984962,
    "most_frequent": 0.12781954887218044
  },
  "results": [
    {
      "algo": "dqn",
      "episodes": 50000,
      "test_accuracy": 0.5413533834586466,
      "avg_reward_final": 0.7607374425705907,
      "elapsed_seconds": 150.0188021659851,
      "params": 155298
    },
    {
      "algo": "sac",
      "episodes": 50000,
      "test_accuracy": 0.5413533834586466,
      "avg_reward_final": 0.3258889742429659,
      "elapsed_seconds": 378.10841608047485,
      "params": 465765
    },
    {
      "algo": "resac",
      "episodes": 50000,
      "test_accuracy": 0.6428571428571429,
      "avg_reward_final": 0.32079376050934555,
      "elapsed_seconds": 453.1347608566284,
      "params": 1153734
    }
  ],
  "config": {
    "episodes": 50000,
    "seed": 42
  }
}