{
  "baselines": {
    "random": 0.06015037593984962,
    "most_frequent": 0.12781954887218044
  },
  "results": [
    {
      "algo": "dqn",
      "episodes": 50000,
      "test_accuracy": 0.08646616541353383,
      "avg_reward_final": 0.3498619453079096,
      "elapsed_seconds": 270.07157850265503,
      "params": 253602
    },
    {
      "algo": "sac",
      "episodes": 50000,
      "test_accuracy": 0.08270676691729323,
      "avg_reward_final": 0.3498622597220477,
      "elapsed_seconds": 653.3172006607056,
      "params": 760677
    },
    {
      "algo": "resac",
      "episodes": 50000,
      "test_accuracy": 0.05263157894736842,
      "avg_reward_final": 0.3498622591723384,
      "elapsed_seconds": 1680.6856508255005,
      "params": 1743558
    }
  ],
  "config": {
    "episodes": 50000,
    "seed": 42
  }
}