{
  "fleiss_kappa": 0.7252566993110476,
  "top3_hit_rate": 0.9353658536585366,
  "n_problems": 164,
  "n_annotators": 5
}