{
  "fleiss_kappa": 0.6468434615963216,
  "top3_hit_rate": 0.8720787207872078,
  "n_problems": 163,
  "n_annotators": 5
}